codigo;disciplina;area;habilidade;tema;dificuldade;local;apoio;enunciado;alternativa_A;alternativa_B;alternativa_C;alternativa_D;gabarito;explicacao;publicada;revisada_humano
ARENA6-LP-001;Língua Portuguesa;Linguagens;EF69LP03;Leitura de notícia;facil;biblioteca;A escola iniciou uma campanha para arrecadar livros infantis. As doações serão recebidas até sexta-feira e destinadas à biblioteca comunitária.;Qual é o fato central do texto?;A escola iniciou uma campanha de arrecadação de livros.;A biblioteca será fechada na sexta-feira.;Os alunos devem comprar livros novos.;A comunidade não poderá participar.;A;O fato principal é o início da campanha de arrecadação de livros.;True;False
ARENA6-LP-002;Língua Portuguesa;Linguagens;EF69LP03;Leitura de notícia;facil;biblioteca;Depois de uma semana de chuvas, a ponte do bairro foi reaberta nesta manhã. Técnicos afirmaram que a estrutura está segura para pedestres e veículos leves.;O que aconteceu nesta manhã?;Começou uma semana de chuvas.;A ponte do bairro foi reaberta.;A ponte foi construída.;Os veículos leves foram proibidos.;B;O texto informa que a ponte foi reaberta nesta manhã.;True;False
ARENA6-LP-003;Língua Portuguesa;Linguagens;EF67LP28;Compreensão de narrativa;facil;biblioteca;Rafaela guardou o guarda-chuva na mochila. Ao sair de casa, viu o céu limpo e sorriu. Poucos minutos depois, nuvens escuras cobriram a rua.;Por que ter levado o guarda-chuva foi uma atitude prudente?;Porque o objeto deixaria a mochila mais pesada.;Porque havia possibilidade de chuva.;Porque ela pretendia emprestá-lo.;Porque o céu continuou limpo o dia inteiro.;B;As nuvens escuras indicam possibilidade de chuva, por isso o guarda-chuva poderia ser útil.;True;False
ARENA6-LP-004;Língua Portuguesa;Linguagens;EF67LP28;Compreensão de narrativa;facil;biblioteca;João encontrou uma carteira no pátio e a entregou à coordenação. Mais tarde, a dona do objeto agradeceu por recuperar seus documentos.;Qual característica de João aparece no texto?;Desonestidade.;Indiferença.;Honestidade.;Impaciência.;C;Ao devolver a carteira encontrada, João demonstrou honestidade.;True;False
ARENA6-LP-005;Língua Portuguesa;Linguagens;EF67LP28;Inferência;facil;biblioteca;A sala ficou silenciosa quando a diretora entrou com uma caixa coberta por um pano. Todos se inclinaram para enxergar melhor.;O comportamento dos estudantes revela principalmente:;Curiosidade.;Sono.;Raiva.;Desinteresse.;A;Inclinar-se para ver melhor indica curiosidade sobre o conteúdo da caixa.;True;False
ARENA6-LP-006;Língua Portuguesa;Linguagens;EF67LP28;Inferência;facil;biblioteca;Pedro apertou o passo, olhou várias vezes para o relógio e entrou na escola quando o sinal começou a tocar.;É possível concluir que Pedro:;Chegou muito cedo.;Estava preocupado em não se atrasar.;Não sabia onde ficava a escola.;Queria voltar para casa.;B;Olhar o relógio e acelerar o passo indicam preocupação com o horário.;True;False
ARENA6-LP-007;Língua Portuguesa;Linguagens;EF69LP47;Elementos da narrativa;facil;biblioteca;Naquela tarde, no quintal da avó, Clara descobriu uma pequena caixa enterrada perto da mangueira.;Qual expressão indica o lugar da narrativa?;Naquela tarde.;Clara descobriu.;No quintal da avó.;Uma pequena caixa.;C;“No quintal da avó” apresenta o espaço em que a ação ocorreu.;True;False
ARENA6-LP-008;Língua Portuguesa;Linguagens;EF69LP47;Elementos da narrativa;facil;biblioteca;Quando a luz acabou, Lucas acendeu uma lanterna e continuou lendo o livro.;Qual acontecimento muda a situação inicial?;Lucas estava lendo.;A luz acabou.;O livro era interessante.;A lanterna era nova.;B;A falta de energia altera a situação e leva Lucas a usar a lanterna.;True;False
ARENA6-LP-009;Língua Portuguesa;Linguagens;EF67LP06;Efeito de sentido;medio;biblioteca;"O corredor estava completamente silencioso; ouvia-se apenas o tic-tac do relógio.";A expressão “apenas o tic-tac” reforça a ideia de:;Barulho intenso.;Silêncio do ambiente.;Música no corredor.;Conversa entre alunos.;B;Ouvir somente o relógio enfatiza que havia muito silêncio.;True;False
ARENA6-LP-010;Língua Portuguesa;Linguagens;EF67LP06;Efeito de sentido;medio;biblioteca;A atleta cruzou a linha de chegada voando.;Nesse contexto, a palavra “voando” indica que a atleta:;Estava em um avião.;Correu muito rapidamente.;Saltou sobre a linha.;Usava asas.;B;A palavra foi usada em sentido figurado para indicar grande velocidade.;True;False
ARENA6-LP-011;Língua Portuguesa;Linguagens;EF69LP03;Informação explícita;medio;biblioteca;A feira de ciências ocorrerá no sábado, das 8h às 12h, no ginásio da escola.;Onde será realizada a feira?;Na biblioteca.;No laboratório.;No ginásio da escola.;Na praça do bairro.;C;O local informado explicitamente é o ginásio da escola.;True;False
ARENA6-LP-012;Língua Portuguesa;Linguagens;EF69LP03;Informação explícita;medio;biblioteca;O ônibus da excursão sairá às 7h. Os estudantes devem chegar ao colégio às 6h30.;A que horas os estudantes devem chegar?;6h.;6h30.;7h.;7h30.;B;O texto informa que a chegada deve ocorrer às 6h30.;True;False
ARENA6-LP-013;Língua Portuguesa;Linguagens;EF67LP28;Tema do texto;medio;biblioteca;Separar resíduos recicláveis reduz a quantidade de lixo enviada aos aterros e permite o reaproveitamento de materiais como papel, vidro, metal e plástico.;Qual é o tema principal?;A fabricação de brinquedos.;A importância da reciclagem.;A construção de aterros.;O preço do papel.;B;O texto explica benefícios da separação e reciclagem de resíduos.;True;False
ARENA6-LP-014;Língua Portuguesa;Linguagens;EF67LP28;Tema do texto;medio;biblioteca;Dormir bem ajuda na concentração, na memória e na disposição para as atividades do dia. Manter horários regulares favorece a qualidade do sono.;O texto trata principalmente de:;Alimentação escolar.;Prática de esportes.;Importância do sono.;Uso de celulares.;C;As informações destacam os benefícios de dormir bem.;True;False
ARENA6-LP-015;Língua Portuguesa;Linguagens;EF67LP28;Relação de causa;medio;biblioteca;A quadra ficou molhada porque choveu durante o recreio.;Qual foi a causa de a quadra ficar molhada?;O recreio terminou.;Os alunos correram.;Choveu.;A quadra foi pintada.;C;A conjunção “porque” introduz a causa: a chuva.;True;False
ARENA6-LP-016;Língua Portuguesa;Linguagens;EF69LP03;Gêneros textuais;facil;biblioteca;“Vende-se bicicleta em bom estado. Contato: 99999-0000.”;Esse texto é um:;Poema.;Anúncio classificado.;Conto.;Verbete.;B;O texto anuncia a venda de um produto e apresenta contato.;True;False
ARENA6-LP-017;Língua Portuguesa;Linguagens;EF69LP03;Finalidade do texto;facil;biblioteca;“Não pise na grama.”;A finalidade desse aviso é:;Narrar uma história.;Dar uma orientação.;Fazer uma pergunta.;Descrever uma personagem.;B;O aviso orienta o comportamento do leitor.;True;False
ARENA6-LP-018;Língua Portuguesa;Linguagens;EF69LP03;Gêneros textuais;facil;biblioteca;“Ingredientes: 2 ovos, 1 xícara de leite e 2 xícaras de farinha. Modo de preparo: misture tudo...”;O trecho pertence a uma:;Receita culinária.;Notícia.;Carta pessoal.;Lenda.;A;A lista de ingredientes e o modo de preparo caracterizam uma receita.;True;False
ARENA6-LP-019;Língua Portuguesa;Linguagens;EF69LP03;Finalidade do texto;facil;biblioteca;“Vacine seu animal. Proteja sua família e sua comunidade.”;O cartaz pretende principalmente:;Divertir o leitor.;Incentivar a vacinação de animais.;Vender ração.;Narrar uma aventura.;B;A mensagem busca convencer o leitor a vacinar o animal.;True;False
ARENA6-LP-020;Língua Portuguesa;Linguagens;EF69LP03;Gêneros textuais;facil;biblioteca;;Um texto que apresenta uma palavra, sua classe gramatical e seus significados é chamado de:;Verbete de dicionário.;Bilhete.;Crônica.;Entrevista.;A;O verbete registra informações sobre uma palavra.;True;False
ARENA6-LP-021;Língua Portuguesa;Linguagens;EF69LP03;Gêneros textuais;facil;biblioteca;;Qual gênero costuma registrar fatos recentes de interesse público?;Notícia.;Receita.;Fábula.;Lista de compras.;A;A notícia informa acontecimentos recentes de interesse coletivo.;True;False
ARENA6-LP-022;Língua Portuguesa;Linguagens;EF67LP28;Gêneros literários;facil;biblioteca;;Uma narrativa curta com animais que agem como pessoas e apresenta uma lição é geralmente uma:;Fábula.;Reportagem.;Bula.;Ata.;A;A fábula usa frequentemente animais personificados e transmite uma moral.;True;False
ARENA6-LP-023;Língua Portuguesa;Linguagens;EF69LP03;Finalidade do texto;facil;biblioteca;;Em um manual de instruções, predominam orientações para:;Realizar uma tarefa ou utilizar um produto.;Contar uma piada.;Defender uma opinião política.;Relatar uma memória.;A;O manual explica procedimentos de uso ou montagem.;True;False
ARENA6-LP-024;Língua Portuguesa;Linguagens;EF67LP33;Pontuação;facil;biblioteca;;Qual frase está pontuada corretamente?;Que horas começa a aula.;Que horas começa a aula?;Que horas, começa a aula!;Que horas começa, a aula?;B;Perguntas diretas terminam com ponto de interrogação.;True;False
ARENA6-LP-025;Língua Portuguesa;Linguagens;EF67LP33;Pontuação;facil;biblioteca;;Em “Marina, feche a porta, por favor”, as vírgulas isolam:;Um vocativo.;Uma data.;Uma enumeração.;Um lugar.;A;“Marina” é o termo usado para chamar a pessoa, isto é, um vocativo.;True;False
ARENA6-LP-026;Língua Portuguesa;Linguagens;EF67LP33;Pontuação;facil;biblioteca;;Qual opção usa dois-pontos adequadamente?;Levei: caderno, lápis e régua.;Levei caderno: lápis e régua.;Levei caderno, lápis: e régua.;Levei caderno lápis e: régua.;A;Os dois-pontos podem introduzir uma enumeração.;True;False
ARENA6-LP-027;Língua Portuguesa;Linguagens;EF67LP32;Ortografia;facil;biblioteca;;Qual opção apresenta a grafia correta de “exceção”?;Exceção.;Excessão.;Eceção.;Esceção.;A;A grafia correta é “exceção”.;True;False
ARENA6-LP-028;Língua Portuguesa;Linguagens;EF67LP32;Ortografia;facil;biblioteca;;Qual opção apresenta a grafia correta de “pesquisa”?;Pesquisa.;Pesquiza.;Pezquisa.;Pesquissa.;A;A grafia correta é “pesquisa”.;True;False
ARENA6-LP-029;Língua Portuguesa;Linguagens;EF67LP32;Ortografia;facil;biblioteca;;Complete corretamente: “A turma fez uma boa _____ do livro.”;análize;análise;analize;análisse;B;A palavra “análise” é escrita com s e recebe acento.;True;False
ARENA6-LP-030;Língua Portuguesa;Linguagens;EF06LP04;Concordância verbal;medio;biblioteca;;Complete: “Os estudantes _____ o experimento ontem.”;realizou;realizaram;realizará;realizando;B;O sujeito plural exige o verbo no plural: realizaram.;True;False
ARENA6-LP-031;Língua Portuguesa;Linguagens;EF06LP04;Concordância verbal;medio;biblioteca;;Qual frase apresenta concordância adequada?;As menina chegou cedo.;Os aluno estudou.;A equipe participou da feira.;Nós foi ao museu.;C;“A equipe participou” mantém concordância entre sujeito singular e verbo.;True;False
ARENA6-LP-032;Língua Portuguesa;Linguagens;EF06LP04;Concordância nominal;medio;biblioteca;;Complete: “As atividades estavam _____.”;organizado;organizadas;organizados;organizando;B;“Atividades” é feminino plural, portanto “organizadas”.;True;False
ARENA6-LP-033;Língua Portuguesa;Linguagens;EF06LP05;Verbos;medio;biblioteca;;Na frase “Amanhã visitaremos o museu”, o verbo indica:;Passado.;Presente.;Futuro.;Ordem.;C;“Visitaremos” expressa uma ação futura.;True;False
ARENA6-LP-034;Língua Portuguesa;Linguagens;EF06LP05;Verbos;medio;biblioteca;;Na frase “Ontem choveu muito”, a palavra “ontem” indica tempo:;Passado.;Presente.;Futuro.;Indefinido.;A;“Ontem” situa a ação no passado.;True;False
ARENA6-LP-035;Língua Portuguesa;Linguagens;EF06LP05;Verbos;medio;biblioteca;;Qual verbo está no infinitivo?;Cantou.;Cantando.;Cantar.;Cantará.;C;“Cantar” é a forma infinitiva do verbo.;True;False
ARENA6-LP-036;Língua Portuguesa;Linguagens;EF06LP06;Substantivos e adjetivos;medio;biblioteca;;Em “A floresta densa abriga muitos animais”, a palavra “densa” caracteriza:;Floresta.;Animais.;Abriga.;Muitos.;A;“Densa” é adjetivo que caracteriza a floresta.;True;False
ARENA6-LP-037;Língua Portuguesa;Linguagens;EF06LP06;Substantivos e adjetivos;medio;biblioteca;;Qual palavra é um substantivo?;Bonito.;Rapidamente.;Coragem.;Correr.;C;“Coragem” nomeia uma qualidade e funciona como substantivo.;True;False
ARENA6-LP-038;Língua Portuguesa;Linguagens;EF06LP06;Pronomes;medio;biblioteca;;Em “Ana trouxe o livro. Ela começou a leitura”, o pronome “Ela” substitui:;Livro.;Leitura.;Ana.;Trouxe.;C;O pronome evita repetir o nome Ana.;True;False
ARENA6-LP-039;Língua Portuguesa;Linguagens;EF06LP06;Pronomes;medio;biblioteca;;Qual palavra é um pronome possessivo?;Meu.;Ontem.;Azul.;Cantar.;A;“Meu” indica posse.;True;False
ARENA6-LP-040;Língua Portuguesa;Linguagens;EF67LP36;Coesão;medio;biblioteca;;"Qual palavra completa melhor: “Estudei bastante; _____, consegui resolver a atividade.”";por isso;embora;porque;enquanto;A;“Por isso” introduz a consequência de ter estudado.;True;False
ARENA6-LP-041;Língua Portuguesa;Linguagens;EF67LP36;Coesão;medio;biblioteca;;Complete: “Levei o guarda-chuva _____ o céu estava nublado.”;porque;porém;portanto;ou;A;“Porque” apresenta a causa da ação.;True;False
ARENA6-LP-042;Língua Portuguesa;Linguagens;EF67LP36;Coesão;medio;biblioteca;;Em “O livro era longo, mas interessante”, a palavra “mas” indica:;Adição.;Oposição.;Causa.;Conclusão.;B;A conjunção “mas” estabelece contraste.;True;False
ARENA6-LP-043;Língua Portuguesa;Linguagens;EF67LP06;Sentido de palavras;facil;biblioteca;;Qual é um sinônimo de “alegre”?;Triste.;Contente.;Distante.;Pesado.;B;“Contente” tem sentido semelhante a “alegre”.;True;False
ARENA6-LP-044;Língua Portuguesa;Linguagens;EF67LP06;Sentido de palavras;facil;biblioteca;;Qual é um antônimo de “aumentar”?;Crescer.;Ampliar.;Diminuir.;Somar.;C;“Diminuir” apresenta sentido oposto a “aumentar”.;True;False
ARENA6-LP-045;Língua Portuguesa;Linguagens;EF67LP06;Sentido no contexto;medio;biblioteca;;Em “A professora pediu uma resposta clara”, “clara” significa:;De cor branca.;Fácil de compreender.;Muito silenciosa.;Feita pela manhã.;B;No contexto, “clara” significa compreensível.;True;False
ARENA6-LP-046;Língua Portuguesa;Linguagens;EF67LP06;Linguagem figurada;medio;biblioteca;;Em “A notícia caiu como uma bomba”, a expressão indica que a notícia:;Era feita de metal.;Causou grande impacto.;Explodiu de verdade.;Foi esquecida.;B;A expressão figurada indica surpresa ou forte impacto.;True;False
ARENA6-LP-047;Língua Portuguesa;Linguagens;EF67LP28;Sequência textual;medio;biblioteca;;Qual sequência está em ordem lógica para lavar as mãos?;Secar, molhar, ensaboar, enxaguar.;Molhar, ensaboar, esfregar, enxaguar e secar.;Ensaboar, secar, molhar e enxaguar.;Enxaguar, secar, esfregar e molhar.;B;A ordem correta começa por molhar e termina por secar.;True;False
ARENA6-LP-048;Língua Portuguesa;Linguagens;EF67LP28;Resumo;medio;biblioteca;;Um bom resumo deve:;Copiar cada frase do texto.;Apresentar as ideias principais com concisão.;Acrescentar fatos não mencionados.;Excluir o assunto central.;B;O resumo conserva as ideias essenciais de forma breve.;True;False
ARENA6-LP-049;Língua Portuguesa;Linguagens;EF67LP28;Título;medio;biblioteca;;Qual título combina melhor com um texto sobre economia de água?;Como evitar o desperdício de água;A história dos aviões;Receitas de sobremesa;Animais do deserto;A;O título deve antecipar o assunto central do texto.;True;False
ARENA6-LP-050;Língua Portuguesa;Linguagens;EF67LP33;Uso de maiúsculas;medio;biblioteca;;Qual frase usa letras maiúsculas corretamente?;maria mora no acre.;Maria mora no Acre.;Maria Mora No acre.;maria Mora no Acre.;B;Nomes próprios de pessoa e estado começam com letra maiúscula.;True;False
ARENA6-MAT-001;Matemática;Matemática;EF06MA03;Operações com números naturais;facil;laboratorio;;Qual é o resultado de 248 + 376?;624;634;614;724;A;248 + 376 = 624.;True;False
ARENA6-MAT-002;Matemática;Matemática;EF06MA03;Operações com números naturais;facil;laboratorio;;Qual é o resultado de 735 + 289?;1.024;1.014;1.034;1.124;A;735 + 289 = 1024.;True;False
ARENA6-MAT-003;Matemática;Matemática;EF06MA03;Operações com números naturais;facil;laboratorio;;Qual é o resultado de 1208 + 497?;1.805;1.705;1.715;1.695;B;1208 + 497 = 1705.;True;False
ARENA6-MAT-004;Matemática;Matemática;EF06MA03;Operações com números naturais;facil;laboratorio;;Qual é o resultado de 905 - 368?;547;637;527;537;D;905 - 368 = 537.;True;False
ARENA6-MAT-005;Matemática;Matemática;EF06MA03;Operações com números naturais;facil;laboratorio;;Qual é o resultado de 1500 - 675?;925;815;825;835;C;1500 - 675 = 825.;True;False
ARENA6-MAT-006;Matemática;Matemática;EF06MA03;Operações com números naturais;facil;laboratorio;;Qual é o resultado de 3204 - 1879?;1.325;1.425;1.335;1.315;A;3204 - 1879 = 1325.;True;False
ARENA6-MAT-007;Matemática;Matemática;EF06MA03;Operações com números naturais;facil;laboratorio;;Qual é o resultado de 468 + 257?;725;715;735;825;A;468 + 257 = 725.;True;False
ARENA6-MAT-008;Matemática;Matemática;EF06MA03;Operações com números naturais;facil;laboratorio;;Qual é o resultado de 1000 - 486?;504;614;514;524;C;1000 - 486 = 514.;True;False
ARENA6-MAT-009;Matemática;Matemática;EF06MA03;Operações com números naturais;facil;laboratorio;;Qual é o resultado de 2745 + 1255?;4.010;4.100;3.990;4.000;D;2745 + 1255 = 4000.;True;False
ARENA6-MAT-010;Matemática;Matemática;EF06MA03;Operações com números naturais;facil;laboratorio;;Qual é o resultado de 830 - 395?;425;435;535;445;B;830 - 395 = 435.;True;False
ARENA6-MAT-011;Matemática;Matemática;EF06MA03;Multiplicação e divisão;facil;laboratorio;;Calcule: 24 × 15.;360;352;368;720;A;O resultado de 24 × 15 é 360.;True;False
ARENA6-MAT-012;Matemática;Matemática;EF06MA03;Multiplicação e divisão;facil;laboratorio;;Calcule: 36 × 12.;864;432;424;440;B;O resultado de 36 × 12 é 432.;True;False
ARENA6-MAT-013;Matemática;Matemática;EF06MA03;Multiplicação e divisão;facil;laboratorio;;Calcule: 125 × 8.;2000;1008;1000;992;C;O resultado de 125 × 8 é 1000.;True;False
ARENA6-MAT-014;Matemática;Matemática;EF06MA03;Multiplicação e divisão;facil;laboratorio;;Calcule: 144 ÷ 12.;12;4;24;20;A;O resultado de 144 ÷ 12 é 12.;True;False
ARENA6-MAT-015;Matemática;Matemática;EF06MA03;Multiplicação e divisão;facil;laboratorio;;Calcule: 420 ÷ 7.;60;52;120;68;A;O resultado de 420 ÷ 7 é 60.;True;False
ARENA6-MAT-016;Matemática;Matemática;EF06MA03;Multiplicação e divisão;facil;laboratorio;;Calcule: 936 ÷ 9.;112;96;208;104;D;O resultado de 936 ÷ 9 é 104.;True;False
ARENA6-MAT-017;Matemática;Matemática;EF06MA03;Multiplicação e divisão;facil;laboratorio;;Calcule: 18 × 25.;900;442;458;450;D;O resultado de 18 × 25 é 450.;True;False
ARENA6-MAT-018;Matemática;Matemática;EF06MA03;Multiplicação e divisão;facil;laboratorio;;Calcule: 672 ÷ 8.;76;168;92;84;D;O resultado de 672 ÷ 8 é 84.;True;False
ARENA6-MAT-019;Matemática;Matemática;EF06MA05;Divisibilidade;medio;laboratorio;;Qual número é divisível por 3?;124;126;128;130;B;A soma dos algarismos de 126 é 9, múltiplo de 3.;True;False
ARENA6-MAT-020;Matemática;Matemática;EF06MA05;Divisibilidade;medio;laboratorio;;Qual número é divisível por 5?;232;345;418;622;B;Números divisíveis por 5 terminam em 0 ou 5.;True;False
ARENA6-MAT-021;Matemática;Matemática;EF06MA05;Números primos;medio;laboratorio;;Qual dos números é primo?;21;29;35;39;B;29 tem apenas dois divisores positivos: 1 e 29.;True;False
ARENA6-MAT-022;Matemática;Matemática;EF06MA05;Múltiplos;medio;laboratorio;;Qual é um múltiplo de 8?;42;54;64;70;C;64 = 8 × 8.;True;False
ARENA6-MAT-023;Matemática;Matemática;EF06MA06;Divisores;medio;laboratorio;;Qual número é divisor de 36?;5;6;7;8;B;36 ÷ 6 = 6, sem resto.;True;False
ARENA6-MAT-024;Matemática;Matemática;EF06MA06;Múltiplos e divisores;medio;laboratorio;;O menor múltiplo comum positivo de 4 e 6 é:;8;10;12;24;C;12 é o primeiro número positivo múltiplo de 4 e de 6.;True;False
ARENA6-MAT-025;Matemática;Matemática;EF06MA07;Frações;medio;laboratorio;;Qual fração representa metade?;1/3;1/4;1/2;2/3;C;Metade corresponde a uma de duas partes iguais.;True;False
ARENA6-MAT-026;Matemática;Matemática;EF06MA07;Frações equivalentes;medio;laboratorio;;Qual fração é equivalente a 1/2?;2/3;2/4;3/5;4/10;B;Multiplicando numerador e denominador de 1/2 por 2, obtemos 2/4.;True;False
ARENA6-MAT-027;Matemática;Matemática;EF06MA07;Comparação de frações;medio;laboratorio;;Qual fração é maior?;1/4;2/4;3/4;1/8;C;Entre frações com denominador 4, a de maior numerador é 3/4.;True;False
ARENA6-MAT-028;Matemática;Matemática;EF06MA08;Representações racionais;medio;laboratorio;;A forma decimal de 1/2 é:;0,2;0,5;1,2;2,0;B;1 dividido por 2 é 0,5.;True;False
ARENA6-MAT-029;Matemática;Matemática;EF06MA08;Representações racionais;medio;laboratorio;;A fração correspondente a 0,25 é:;1/2;1/3;1/4;3/4;C;0,25 representa 25 centésimos, que equivalem a 1/4.;True;False
ARENA6-MAT-030;Matemática;Matemática;EF06MA09;Fração de quantidade;medio;laboratorio;;Quanto é 3/4 de 20?;5;10;15;18;C;20 ÷ 4 = 5 e 5 × 3 = 15.;True;False
ARENA6-MAT-031;Matemática;Matemática;EF06MA09;Fração de quantidade;medio;laboratorio;;Quanto é 2/5 de 30?;6;10;12;15;C;30 ÷ 5 = 6 e 6 × 2 = 12.;True;False
ARENA6-MAT-032;Matemática;Matemática;EF06MA10;Adição de frações;medio;laboratorio;;Qual é o resultado de 1/4 + 2/4?;2/8;3/4;3/8;1/2;B;Com denominadores iguais, somam-se os numeradores: 3/4.;True;False
ARENA6-MAT-033;Matemática;Matemática;EF06MA10;Subtração de frações;medio;laboratorio;;Qual é o resultado de 5/6 - 2/6?;3/6;3/12;7/6;2/6;A;Com denominadores iguais: 5 - 2 = 3, mantendo 6.;True;False
ARENA6-MAT-034;Matemática;Matemática;EF06MA07;Frações;medio;laboratorio;;Uma pizza foi dividida em 8 partes iguais e 3 foram comidas. Que fração foi consumida?;3/8;5/8;8/3;1/3;A;Foram consumidas 3 de 8 partes iguais: 3/8.;True;False
ARENA6-MAT-035;Matemática;Matemática;EF06MA11;Números decimais;medio;laboratorio;;Calcule 2,5 + 1,75.;3,25;4,25;4,75;5,25;B;Alinhando as casas decimais: 2,50 + 1,75 = 4,25.;True;False
ARENA6-MAT-036;Matemática;Matemática;EF06MA11;Números decimais;medio;laboratorio;;Calcule 8,4 - 3,2.;4,2;5,2;5,6;6,2;B;8,4 - 3,2 = 5,2.;True;False
ARENA6-MAT-037;Matemática;Matemática;EF06MA11;Números decimais;medio;laboratorio;;O resultado de 1,5 × 4 é:;4,5;5,0;6,0;6,5;C;1,5 somado quatro vezes resulta em 6,0.;True;False
ARENA6-MAT-038;Matemática;Matemática;EF06MA13;Porcentagem;medio;laboratorio;;10% de 200 corresponde a:;10;20;40;100;B;"10% é a décima parte; 200 ÷ 10 = 20.";True;False
ARENA6-MAT-039;Matemática;Matemática;EF06MA13;Porcentagem;medio;laboratorio;;25% de 80 corresponde a:;15;20;25;40;B;"25% é um quarto; 80 ÷ 4 = 20.";True;False
ARENA6-MAT-040;Matemática;Matemática;EF06MA12;Estimativa;medio;laboratorio;;O número 487 arredondado para a centena mais próxima é:;400;480;500;600;C;487 está mais próximo de 500 do que de 400.;True;False
ARENA6-MAT-041;Matemática;Matemática;EF06MA24;Medidas;medio;laboratorio;;2,5 litros correspondem a:;25 mL;250 mL;2.500 mL;25.000 mL;C;"Cada litro tem 1.000 mL; 2,5 L = 2.500 mL.";True;False
ARENA6-MAT-042;Matemática;Matemática;EF06MA24;Medidas;medio;laboratorio;;Uma aula começou às 13h20 e terminou às 14h10. Quanto durou?;40 minutos;50 minutos;60 minutos;70 minutos;B;De 13h20 a 14h são 40 minutos, mais 10: total 50.;True;False
ARENA6-MAT-043;Matemática;Matemática;EF06MA18;Polígonos;medio;laboratorio;;Um polígono com cinco lados é chamado de:;Quadrilátero;Pentágono;Hexágono;Octógono;B;O pentágono possui cinco lados.;True;False
ARENA6-MAT-044;Matemática;Matemática;EF06MA19;Triângulos;medio;laboratorio;;Um triângulo com três lados iguais é:;Escaleno;Isósceles;Equilátero;Retângulo;C;O triângulo equilátero tem os três lados iguais.;True;False
ARENA6-MAT-045;Matemática;Matemática;EF06MA20;Quadriláteros;medio;laboratorio;;Qual figura tem quatro lados iguais e quatro ângulos retos?;Trapézio;Losango qualquer;Quadrado;Triângulo;C;O quadrado reúne quatro lados iguais e quatro ângulos retos.;True;False
ARENA6-MAT-046;Matemática;Matemática;EF06MA24;Perímetro;medio;laboratorio;;Um retângulo mede 8 cm por 5 cm. Qual é o perímetro?;13 cm;26 cm;40 cm;80 cm;B;8 + 5 + 8 + 5 = 26 cm.;True;False
ARENA6-MAT-047;Matemática;Matemática;EF06MA24;Área;medio;laboratorio;;Um retângulo tem 6 m de comprimento e 4 m de largura. Qual é sua área?;10 m²;20 m²;24 m²;48 m²;C;A área do retângulo é 6 × 4 = 24 m².;True;False
ARENA6-MAT-048;Matemática;Matemática;EF06MA25;Ângulos;medio;laboratorio;;Um ângulo de 90° é chamado de:;Agudo;Reto;Obtuso;Raso;B;Ângulo reto mede 90°.;True;False
ARENA6-MAT-049;Matemática;Matemática;EF06MA30;Probabilidade;medio;laboratorio;;Ao lançar uma moeda comum, a probabilidade de sair cara é:;0;1/4;1/2;1;C;Há dois resultados igualmente possíveis e um favorável: 1/2.;True;False
ARENA6-MAT-050;Matemática;Matemática;EF06MA32;Leitura de dados;medio;laboratorio;;Em uma pesquisa, 12 alunos preferiram futebol, 8 vôlei e 5 natação. Qual foi a opção mais escolhida?;Futebol;Vôlei;Natação;Todas igualmente;A;Futebol recebeu 12 escolhas, o maior valor.;True;False
ARENA6-CIE-001;Ciências;Ciências da Natureza;EF06CI01;Misturas;medio;laboratorio;;Água e sal totalmente dissolvido formam uma mistura:;Heterogênea;Homogênea;Gasosa;Radioativa;B;A mistura apresenta uma única fase visível, portanto é homogênea.;True;False
ARENA6-CIE-002;Ciências;Ciências da Natureza;EF06CI01;Misturas;medio;laboratorio;;Água e óleo formam uma mistura:;Homogênea;Heterogênea;Pura;Metálica;B;Água e óleo formam fases visíveis diferentes.;True;False
ARENA6-CIE-003;Ciências;Ciências da Natureza;EF06CI01;Misturas;medio;laboratorio;;Qual exemplo é uma mistura heterogênea?;Água com açúcar dissolvido;Ar filtrado;Água e areia;Vinagre;C;Água e areia apresentam componentes/fases distinguíveis.;True;False
ARENA6-CIE-004;Ciências;Ciências da Natureza;EF06CI02;Transformações químicas;medio;laboratorio;;Qual situação apresenta formação de novas substâncias?;Gelo derretendo;Papel sendo cortado;Bolo assando;Água evaporando;C;Ao assar o bolo, ocorrem transformações químicas que formam novos materiais.;True;False
ARENA6-CIE-005;Ciências;Ciências da Natureza;EF06CI02;Transformações químicas;medio;laboratorio;;A formação de ferrugem é exemplo de:;Transformação química;Mudança apenas de tamanho;Separação de mistura;Fusão;A;A ferrugem envolve formação de novas substâncias.;True;False
ARENA6-CIE-006;Ciências;Ciências da Natureza;EF06CI03;Separação de misturas;medio;laboratorio;;Qual método é adequado para separar areia da água?;Filtração;Evaporação do metal;Imantação;Catação do líquido;A;O filtro retém a areia e permite a passagem da água.;True;False
ARENA6-CIE-007;Ciências;Ciências da Natureza;EF06CI03;Separação de misturas;medio;laboratorio;;Para separar limalha de ferro e areia, pode-se usar:;Um ímã;Uma peneira muito larga;Apenas água quente;Luz solar;A;O ímã atrai o ferro, separando-o da areia.;True;False
ARENA6-CIE-008;Ciências;Ciências da Natureza;EF06CI03;Separação de misturas;medio;laboratorio;;A evaporação pode ser utilizada para obter:;Sal dissolvido na água;Pedras misturadas à areia;Ferro misturado ao plástico;Óleo sobre a água;A;Ao evaporar a água salgada, o sal permanece.;True;False
ARENA6-CIE-009;Ciências;Ciências da Natureza;EF06CI04;Materiais sintéticos;medio;laboratorio;;Medicamentos e plásticos são exemplos de materiais cuja produção está ligada:;Somente a fenômenos naturais;Ao desenvolvimento científico e tecnológico;À ausência de pesquisa;Apenas ao artesanato antigo;B;Esses materiais resultam de conhecimentos e processos científicos e tecnológicos.;True;False
ARENA6-CIE-010;Ciências;Ciências da Natureza;EF06CI04;Impactos socioambientais;medio;laboratorio;;Uma ação adequada em relação aos materiais sintéticos é:;Descartá-los em qualquer lugar;Usá-los e descartá-los de modo responsável;Queimá-los sempre;Lançá-los nos rios;B;O uso responsável e o descarte correto reduzem impactos ambientais.;True;False
ARENA6-CIE-011;Ciências;Ciências da Natureza;EF06CI05;Células;medio;zoologico;;A unidade estrutural e funcional básica dos seres vivos é:;O átomo;A célula;O planeta;A rocha;B;Todos os seres vivos são formados por uma ou mais células.;True;False
ARENA6-CIE-012;Ciências;Ciências da Natureza;EF06CI05;Células;medio;zoologico;;Qual estrutura controla muitas atividades da célula e contém material genético?;Núcleo;Parede da sala;Articulação;Rocha;A;O núcleo celular abriga material genético e participa do controle celular.;True;False
ARENA6-CIE-013;Ciências;Ciências da Natureza;EF06CI06;Níveis de organização;medio;zoologico;;Qual sequência está do menor para o maior nível de organização?;Órgão, tecido, célula, sistema;Célula, tecido, órgão, sistema;Sistema, órgão, tecido, célula;Tecido, célula, sistema, órgão;B;Células formam tecidos, tecidos formam órgãos e órgãos integram sistemas.;True;False
ARENA6-CIE-014;Ciências;Ciências da Natureza;EF06CI06;Organização dos seres vivos;medio;zoologico;;O estômago é um exemplo de:;Célula;Tecido;Órgão;Organismo;C;O estômago é um órgão do sistema digestório.;True;False
ARENA6-CIE-015;Ciências;Ciências da Natureza;EF06CI07;Sistema nervoso;medio;zoologico;;O sistema nervoso participa principalmente de:;Coordenar respostas e receber informações do ambiente;Produzir rochas;Separar misturas;Formar nuvens;A;Ele recebe, processa informações e coordena ações do corpo.;True;False
ARENA6-CIE-016;Ciências;Ciências da Natureza;EF06CI07;Sistema nervoso;medio;zoologico;;Qual órgão faz parte do sistema nervoso central?;Cérebro;Estômago;Fêmur;Pulmão;A;O cérebro integra o sistema nervoso central.;True;False
ARENA6-CIE-017;Ciências;Ciências da Natureza;EF06CI08;Visão;medio;zoologico;;A parte do olho que regula a quantidade de luz que entra é:;Íris;Fêmur;Tímpano;Traqueia;A;A íris controla o tamanho da pupila e a entrada de luz.;True;False
ARENA6-CIE-018;Ciências;Ciências da Natureza;EF06CI08;Visão;medio;zoologico;;Óculos com lentes corretivas são usados para:;Aumentar a audição;Corrigir alguns defeitos da visão;Fortalecer os ossos;Separar misturas;B;As lentes ajudam a focalizar adequadamente as imagens.;True;False
ARENA6-CIE-019;Ciências;Ciências da Natureza;EF06CI09;Sistemas do corpo;medio;zoologico;;A movimentação do corpo depende da interação entre os sistemas:;Ósseo, muscular e nervoso;Digestório e planetário;Rochoso e atmosférico;Celular e mineral;A;O esqueleto sustenta, os músculos produzem movimento e o sistema nervoso coordena.;True;False
ARENA6-CIE-020;Ciências;Ciências da Natureza;EF06CI09;Sistema locomotor;medio;zoologico;;Os ossos têm entre suas funções:;Sustentar e proteger o corpo;Produzir pensamentos;Realizar fotossíntese;Formar nuvens;A;Os ossos sustentam o corpo e protegem órgãos.;True;False
ARENA6-CIE-021;Ciências;Ciências da Natureza;EF06CI10;Saúde;medio;zoologico;;Substâncias psicoativas podem alterar:;O funcionamento do sistema nervoso;A composição das rochas apenas;O movimento da Lua;A formação de fósseis;A;Elas atuam no sistema nervoso e podem mudar percepção, humor ou comportamento.;True;False
ARENA6-CIE-022;Ciências;Ciências da Natureza;EF06CI10;Saúde;medio;zoologico;;Uma atitude de proteção à saúde é:;Usar medicamentos sem orientação;Seguir orientação de profissionais de saúde;Compartilhar remédios;Misturar substâncias desconhecidas;B;Medicamentos devem ser utilizados com orientação adequada.;True;False
ARENA6-CIE-023;Ciências;Ciências da Natureza;EF06CI11;Camadas da Terra;medio;floresta;;A camada mais externa e sólida da Terra é a:;Crosta;Núcleo interno;Atmosfera solar;Lua;A;A crosta é a camada sólida mais externa do planeta.;True;False
ARENA6-CIE-024;Ciências;Ciências da Natureza;EF06CI11;Camadas da Terra;medio;floresta;;A camada gasosa que envolve a Terra é chamada de:;Hidrosfera;Atmosfera;Crosta;Manto;B;A atmosfera é o conjunto de gases ao redor do planeta.;True;False
ARENA6-CIE-025;Ciências;Ciências da Natureza;EF06CI11;Camadas da Terra;medio;floresta;;O manto localiza-se:;Entre a crosta e o núcleo;Acima da atmosfera;Dentro dos oceanos apenas;Fora do planeta;A;O manto está abaixo da crosta e acima do núcleo.;True;False
ARENA6-CIE-026;Ciências;Ciências da Natureza;EF06CI12;Rochas;medio;floresta;;Fósseis são encontrados com maior frequência em rochas:;Sedimentares;Metálicas artificiais;Líquidas;Magmáticas recém-formadas;A;A deposição de sedimentos pode preservar restos e vestígios de seres vivos.;True;False
ARENA6-CIE-027;Ciências;Ciências da Natureza;EF06CI12;Rochas;medio;floresta;;Granito é um exemplo de rocha:;Ígnea ou magmática;Sedimentar orgânica apenas;Gasosa;Sintética;A;O granito se forma pelo resfriamento lento do magma em profundidade.;True;False
ARENA6-CIE-028;Ciências;Ciências da Natureza;EF06CI12;Rochas;medio;floresta;;Rochas sedimentares geralmente se formam pela:;Acumulação e compactação de sedimentos;Fusão do ar;Evaporação do ferro;Produção de células;A;Sedimentos se depositam, compactam e cimentam ao longo do tempo.;True;False
ARENA6-CIE-029;Ciências;Ciências da Natureza;EF06CI13;Forma da Terra;medio;floresta;;Qual evidência apoia a esfericidade da Terra?;A sombra circular da Terra em eclipses lunares;O formato quadrado dos mapas;A existência de prédios;O som dos trovões;A;Durante eclipses lunares, a sombra terrestre projetada na Lua é curva.;True;False
ARENA6-CIE-030;Ciências;Ciências da Natureza;EF06CI13;Forma da Terra;medio;floresta;;Navios parecem desaparecer primeiro pela parte inferior no horizonte porque:;A superfície terrestre é curva;O oceano termina;O navio diminui de verdade;As nuvens empurram o navio;A;A curvatura da Terra oculta primeiro as partes mais baixas.;True;False
ARENA6-CIE-031;Ciências;Ciências da Natureza;EF06CI14;Movimentos da Terra;medio;floresta;;O movimento de rotação da Terra está relacionado principalmente:;À alternância entre dia e noite;À formação das rochas;À produção de células;Ao formato dos continentes;A;A rotação em torno do próprio eixo produz a alternância de iluminação.;True;False
ARENA6-CIE-032;Ciências;Ciências da Natureza;EF06CI14;Movimentos da Terra;medio;floresta;;O movimento de translação é o deslocamento da Terra:;Ao redor do Sol;Ao redor da Lua somente;Dentro do núcleo;Em torno de uma cidade;A;Translação é o movimento da Terra em sua órbita ao redor do Sol.;True;False
ARENA6-CIE-033;Ciências;Ciências da Natureza;EF06CI14;Sombras;medio;floresta;;Ao longo do dia, a sombra de um objeto muda principalmente porque:;Muda a posição aparente do Sol no céu;O objeto troca de material;A Terra para de girar;A luz deixa de existir;A;A rotação da Terra altera a posição aparente do Sol e a direção/tamanho das sombras.;True;False
ARENA6-CIE-034;Ciências;Ciências da Natureza;EF06CI03;Separação de misturas;medio;laboratorio;;Para separar grãos de tamanhos diferentes, pode-se utilizar:;Peneiração;Fusão;Combustão;Fermentação;A;A peneira separa partículas conforme o tamanho.;True;False
ARENA6-CIE-035;Ciências;Ciências da Natureza;EF06CI01;Misturas;medio;laboratorio;;O ar atmosférico é melhor descrito como:;Uma mistura de gases;Uma substância formada só por oxigênio;Uma rocha invisível;Um líquido puro;A;O ar contém vários gases, como nitrogênio e oxigênio.;True;False
ARENA6-HIS-001;História;Ciências Humanas;EF06HI01;Tempo histórico;medio;museu;;Organizar fatos em ordem cronológica significa:;Colocá-los na sequência em que ocorreram;Misturá-los sem considerar datas;Separá-los pelo tamanho;Escolher apenas o mais recente;A;A cronologia organiza acontecimentos segundo sua sequência no tempo.;True;False
ARENA6-HIS-002;História;Ciências Humanas;EF06HI01;Tempo histórico;medio;museu;;Uma década corresponde a:;5 anos;10 anos;50 anos;100 anos;B;Uma década tem dez anos.;True;False
ARENA6-HIS-003;História;Ciências Humanas;EF06HI01;Tempo histórico;medio;museu;;Um século corresponde a:;10 anos;50 anos;100 anos;1.000 anos;C;Um século é um período de cem anos.;True;False
ARENA6-HIS-004;História;Ciências Humanas;EF06HI02;Fontes históricas;medio;museu;;Qual item pode ser uma fonte histórica?;Carta antiga;Somente livros didáticos atuais;Apenas objetos novos;Nenhum relato oral;A;Cartas registram informações sobre pessoas e épocas.;True;False
ARENA6-HIS-005;História;Ciências Humanas;EF06HI02;Fontes históricas;medio;museu;;Relatos de pessoas mais velhas podem ser usados como fontes:;Orais;Somente matemáticas;Geológicas;Impossíveis;A;Depoimentos e memórias são fontes orais.;True;False
ARENA6-HIS-006;História;Ciências Humanas;EF06HI02;Fontes históricas;medio;museu;;Uma fotografia antiga pode ajudar o historiador a investigar:;Vestimentas, lugares e costumes de uma época;Somente o futuro;A composição do núcleo da Terra;A fórmula da água;A;Imagens registram aspectos visuais e sociais do passado.;True;False
ARENA6-HIS-007;História;Ciências Humanas;EF06HI03;Origem humana;medio;museu;;Segundo evidências científicas, os primeiros seres humanos surgiram:;Na África;Na América do Sul;Na Antártida;Na Oceania;A;As evidências mais antigas da evolução humana estão no continente africano.;True;False
ARENA6-HIS-008;História;Ciências Humanas;EF06HI04;Povoamento da América;medio;museu;;Uma hipótese sobre o povoamento da América propõe a passagem de grupos humanos:;Pelo estreito de Bering;Pelo centro do Sol;Por túneis modernos;Somente por aviões;A;Em períodos glaciais, grupos teriam atravessado a região de Bering.;True;False
ARENA6-HIS-009;História;Ciências Humanas;EF06HI05;Sedentarização;medio;museu;;A agricultura contribuiu para a sedentarização porque permitiu:;Produzir alimentos em locais fixos;Viver sempre em movimento;Eliminar todas as ferramentas;Abandonar aldeias;A;O cultivo favoreceu a permanência em um território e a formação de aldeias.;True;False
ARENA6-HIS-010;História;Ciências Humanas;EF06HI05;Nomadismo e sedentarismo;medio;museu;;Povos nômades caracterizam-se por:;Deslocar-se em busca de recursos;Viver sempre no mesmo lugar;Usar apenas escrita digital;Construir somente cidades muradas;A;O nomadismo envolve deslocamentos conforme recursos e condições ambientais.;True;False
ARENA6-HIS-011;História;Ciências Humanas;EF06HI06;Primeiras cidades;medio;museu;;O crescimento das aldeias e a produção de excedentes favoreceram:;A formação de cidades;O desaparecimento do comércio;A extinção da agricultura;A ausência de divisão do trabalho;A;Excedentes e especialização contribuíram para sociedades urbanas mais complexas.;True;False
ARENA6-HIS-012;História;Ciências Humanas;EF06HI07;Mesopotâmia;medio;museu;;A Mesopotâmia desenvolveu-se entre os rios:;Tigre e Eufrates;Nilo e Amazonas;Danúbio e Reno;Acre e Juruá;A;A região mesopotâmica localizava-se entre os rios Tigre e Eufrates.;True;False
ARENA6-HIS-013;História;Ciências Humanas;EF06HI07;Egito Antigo;medio;museu;;A agricultura egípcia dependia fortemente das cheias do rio:;Nilo;Tigre;Ganges;Mississippi;A;As cheias do Nilo fertilizavam as margens e sustentavam a agricultura.;True;False
ARENA6-HIS-014;História;Ciências Humanas;EF06HI07;Escrita;medio;museu;;A escrita cuneiforme foi desenvolvida principalmente pelos:;Sumérios;Romanos;Maias;Incas;A;Os sumérios registravam sinais em tabuletas de argila.;True;False
ARENA6-HIS-015;História;Ciências Humanas;EF06HI07;Egito Antigo;medio;museu;;Os hieróglifos eram um sistema de escrita usado no:;Egito Antigo;Império Inca;Brasil colonial;Japão medieval;A;Hieróglifos eram empregados pelos antigos egípcios.;True;False
ARENA6-HIS-016;História;Ciências Humanas;EF06HI09;Grécia Antiga;medio;museu;;A pólis grega era:;Uma cidade-Estado;Um tipo de navio;Uma moeda romana;Uma pirâmide;A;Cada pólis possuía organização política e social própria.;True;False
ARENA6-HIS-017;História;Ciências Humanas;EF06HI10;Democracia ateniense;medio;museu;;Na democracia ateniense antiga, a participação política era:;Restrita a parte dos homens cidadãos;Universal para todos os habitantes;Exclusiva de estrangeiros;Proibida aos cidadãos;A;Mulheres, escravizados e estrangeiros não participavam como cidadãos.;True;False
ARENA6-HIS-018;História;Ciências Humanas;EF06HI11;Roma Antiga;medio;museu;;A República Romana foi marcada pela existência de instituições como:;Senado;Faraó;Pólis espartana;Templo maia;A;O Senado teve papel central na República Romana.;True;False
ARENA6-HIS-019;História;Ciências Humanas;EF06HI12;Sociedade romana;medio;museu;;Na Roma Antiga, os patrícios eram:;Membros de famílias aristocráticas;Escravizados libertos apenas;Comerciantes estrangeiros obrigatoriamente;Sacerdotes egípcios;A;Patrícios formavam a elite tradicional romana.;True;False
ARENA6-HIS-020;História;Ciências Humanas;EF06HI13;Império Romano;medio;museu;;Uma consequência da expansão romana foi:;A incorporação de diversos povos e territórios;O fim de todas as estradas;O desaparecimento do comércio mediterrâneo;A ausência de conflitos;A;Roma dominou extensas áreas e integrou populações diversas.;True;False
ARENA6-HIS-021;História;Ciências Humanas;EF06HI14;Cidadania;medio;museu;;O conceito de cidadania mudou ao longo do tempo porque:;Direitos e formas de participação foram ampliados e transformados;Sempre incluiu todas as pessoas da mesma forma;Nunca esteve ligado a direitos;Existe apenas na Antiguidade;A;A cidadania é histórica e varia conforme as sociedades.;True;False
ARENA6-HIS-022;História;Ciências Humanas;EF06HI15;Trabalho e escravidão;medio;museu;;A escravidão antiga deve ser estudada como:;Uma relação histórica de exploração e falta de liberdade;Uma forma de trabalho sempre voluntária;Uma prática sem consequências sociais;Um costume natural e imutável;A;A escravidão retirava liberdade e submetia pessoas à exploração.;True;False
ARENA6-HIS-023;História;Ciências Humanas;EF06HI16;Idade Média;medio;museu;;O feudo era principalmente:;Uma unidade de terra e produção;Uma embarcação;Uma assembleia grega;Um templo egípcio;A;O feudo reunia terras, produção e relações sociais no mundo medieval.;True;False
ARENA6-HIS-024;História;Ciências Humanas;EF06HI17;Sociedade feudal;medio;museu;;Na sociedade feudal europeia, os servos:;Trabalhavam nas terras e tinham obrigações com o senhor;Eram reis de outros países;Viviam sem qualquer obrigação;Controlavam todo o comércio marítimo;A;Servos estavam ligados à terra e cumpriam obrigações.;True;False
ARENA6-HIS-025;História;Ciências Humanas;EF06HI18;Religião e cultura medieval;medio;museu;;Na Europa medieval, mosteiros contribuíram para:;Preservar e copiar manuscritos;Eliminar toda produção escrita;Construir pirâmides egípcias;Criar a escrita cuneiforme;A;Monges copiaram textos e preservaram parte do conhecimento escrito.;True;False
ARENA6-HIS-026;História;Ciências Humanas;EF06HI19;Diversidade cultural;medio;museu;;Estudar diferentes povos antigos é importante para:;Reconhecer a diversidade de experiências humanas;Concluir que todas as sociedades eram iguais;Valorizar apenas uma cultura;Ignorar permanências e mudanças;A;A História compara sociedades e evidencia diversidade cultural.;True;False
ARENA6-HIS-027;História;Ciências Humanas;EF06HI02;Patrimônio;medio;museu;;Preservar um documento histórico é importante porque ele:;Ajuda a manter a memória social;Serve apenas como decoração;Impede novas pesquisas;Não contém informações;A;Documentos permitem investigar experiências de outras épocas.;True;False
ARENA6-HIS-028;História;Ciências Humanas;EF06HI01;Periodização;medio;museu;;A divisão da História em períodos é:;Uma forma de organizar o estudo do tempo;Uma regra natural igual para todos os povos;Uma prova de que nada muda;Um calendário escolar;A;Periodizações são construções usadas para organizar e interpretar processos históricos.;True;False
ARENA6-HIS-029;História;Ciências Humanas;EF06HI05;Tecnologia pré-histórica;medio;museu;;O domínio do fogo permitiu aos grupos humanos:;Aquecer-se, cozinhar e afastar animais;Produzir eletricidade industrial;Criar automóveis;Navegar por satélite;A;O fogo trouxe proteção, calor e novas formas de preparar alimentos.;True;False
ARENA6-HIS-030;História;Ciências Humanas;EF06HI07;Organização política;medio;museu;;Nas primeiras civilizações, a organização do Estado relacionou-se a:;Administração, leis e controle de recursos;Ausência completa de autoridades;Fim da agricultura;Desaparecimento das cidades;A;Estados antigos organizaram tributos, obras, leis e defesa.;True;False
ARENA6-GEO-001;Geografia;Ciências Humanas;EF06GE01;Paisagem;medio;floresta;;Uma paisagem é formada por:;Elementos naturais e culturais percebidos no espaço;Somente árvores;Apenas prédios;Somente pessoas;A;Paisagens reúnem elementos da natureza e transformações humanas.;True;False
ARENA6-GEO-002;Geografia;Ciências Humanas;EF06GE01;Transformação da paisagem;medio;floresta;;A construção de uma estrada em área rural é exemplo de:;Transformação da paisagem pela ação humana;Fenômeno sem relação com a sociedade;Movimento de rotação;Formação de uma célula;A;A obra altera elementos e usos do espaço.;True;False
ARENA6-GEO-003;Geografia;Ciências Humanas;EF06GE02;Povos e paisagens;medio;floresta;;Os modos de vida de diferentes povos influenciam:;A organização e a transformação das paisagens;Somente a forma da Lua;A composição do núcleo terrestre;A duração do dia;A;Práticas culturais e econômicas marcam o espaço vivido.;True;False
ARENA6-GEO-004;Geografia;Ciências Humanas;EF06GE03;Ciclo da água;medio;floresta;;A passagem da água líquida para vapor é chamada de:;Evaporação;Condensação;Precipitação;Infiltração;A;Evaporação é a mudança do estado líquido para o gasoso.;True;False
ARENA6-GEO-005;Geografia;Ciências Humanas;EF06GE03;Ciclo da água;medio;floresta;;A chuva ocorre após processos como:;Evaporação e condensação;Somente erosão;Combustão e fusão;Imantação;A;O vapor condensa em nuvens e pode precipitar.;True;False
ARENA6-GEO-006;Geografia;Ciências Humanas;EF06GE04;Relevo;medio;floresta;;Montanhas, planaltos, planícies e depressões são formas de:;Relevo;Clima;Vegetação apenas;Fuso horário;A;Essas categorias descrevem formas da superfície terrestre.;True;False
ARENA6-GEO-007;Geografia;Ciências Humanas;EF06GE05;Intemperismo e erosão;medio;floresta;;A erosão é:;O desgaste e transporte de materiais da superfície;A produção de energia elétrica;A formação de células;O movimento de um relógio;A;Água, vento e outras forças desgastam e transportam sedimentos.;True;False
ARENA6-GEO-008;Geografia;Ciências Humanas;EF06GE05;Solo;medio;floresta;;Uma prática que ajuda a reduzir a erosão do solo é:;Manter cobertura vegetal;Retirar toda vegetação;Queimar encostas;Deixar o solo sempre exposto;A;Raízes e cobertura vegetal protegem o solo.;True;False
ARENA6-GEO-009;Geografia;Ciências Humanas;EF06GE06;Clima e vegetação;medio;floresta;;A vegetação de um lugar relaciona-se, entre outros fatores, a:;Clima, solo e disponibilidade de água;Somente ao nome da cidade;Apenas às placas de trânsito;Ao formato dos prédios;A;Condições ambientais influenciam os tipos de vegetação.;True;False
ARENA6-GEO-010;Geografia;Ciências Humanas;EF06GE07;Uso da terra;medio;floresta;;A agricultura é uma atividade ligada principalmente:;Ao cultivo do solo;À construção de satélites;Ao movimento das marés apenas;À produção de mapas;A;Agricultura envolve o cultivo de plantas para diferentes finalidades.;True;False
ARENA6-GEO-011;Geografia;Ciências Humanas;EF06GE08;Cartografia;medio;floresta;;Em um mapa, a legenda serve para:;Explicar símbolos e cores;Substituir a escala;Mostrar somente o título;Indicar o preço;A;A legenda apresenta o significado dos símbolos cartográficos.;True;False
ARENA6-GEO-012;Geografia;Ciências Humanas;EF06GE08;Cartografia;medio;floresta;;A escala de um mapa indica:;A relação entre a medida no mapa e a medida real;A idade do cartógrafo;A temperatura do papel;O número de cidades do país;A;A escala permite calcular ou compreender distâncias reais.;True;False
ARENA6-GEO-013;Geografia;Ciências Humanas;EF06GE08;Orientação;medio;floresta;;Os pontos cardeais são:;Norte, Sul, Leste e Oeste;Alto, baixo, frente e trás;Rio, serra, vale e planície;Quente, frio, seco e úmido;A;Norte, Sul, Leste e Oeste são referências básicas de orientação.;True;False
ARENA6-GEO-014;Geografia;Ciências Humanas;EF06GE08;Orientação;medio;floresta;;O Sol nasce aproximadamente no:;Leste;Oeste;Norte;Sul;A;O movimento aparente do Sol começa no lado leste.;True;False
ARENA6-GEO-015;Geografia;Ciências Humanas;EF06GE09;Coordenadas;medio;floresta;;Latitude é a distância, em graus, em relação:;À Linha do Equador;Ao Meridiano de Greenwich apenas;Ao nível do mar;À capital do estado;A;Latitudes são medidas ao norte ou sul do Equador.;True;False
ARENA6-GEO-016;Geografia;Ciências Humanas;EF06GE09;Coordenadas;medio;floresta;;Longitude é medida a partir do:;Meridiano de Greenwich;Trópico de Capricórnio;Círculo Polar Ártico;Rio Amazonas;A;Greenwich é o meridiano de referência para longitudes.;True;False
ARENA6-GEO-017;Geografia;Ciências Humanas;EF06GE10;Clima;medio;floresta;;Tempo atmosférico refere-se:;À condição momentânea da atmosfera;À média de muitos anos apenas;À idade das rochas;Ao formato do relevo;A;Tempo descreve condições como chuva, temperatura e vento em curto prazo.;True;False
ARENA6-GEO-018;Geografia;Ciências Humanas;EF06GE10;Clima;medio;floresta;;Clima corresponde:;Ao comportamento médio da atmosfera ao longo de muitos anos;Somente à chuva de hoje;À direção de uma rua;À quantidade de moradores;A;Clima é observado por padrões de longo período.;True;False
ARENA6-GEO-019;Geografia;Ciências Humanas;EF06GE11;Biodiversidade;medio;floresta;;Biodiversidade significa:;Variedade de seres vivos e ecossistemas;Quantidade de prédios;Número de estradas;Apenas espécies domésticas;A;O conceito envolve diversidade genética, de espécies e de ecossistemas.;True;False
ARENA6-GEO-020;Geografia;Ciências Humanas;EF06GE11;Biomas;medio;floresta;;A Floresta Amazônica caracteriza-se por:;Grande biodiversidade e clima quente e úmido em extensas áreas;Predomínio de gelo permanente;Ausência de rios;Vegetação exclusivamente rasteira;A;A Amazônia abriga alta diversidade em ambiente predominantemente quente e úmido.;True;False
ARENA6-GEO-021;Geografia;Ciências Humanas;EF06GE12;Recursos hídricos;medio;floresta;;Uma bacia hidrográfica é:;A área drenada por um rio principal e seus afluentes;Um reservatório artificial apenas;Uma montanha isolada;Uma região sem água;A;A bacia reúne terras cujas águas escoam para um mesmo sistema fluvial.;True;False
ARENA6-GEO-022;Geografia;Ciências Humanas;EF06GE12;Água;medio;floresta;;Qual ação contribui para conservar a água?;Corrigir vazamentos;Deixar torneiras abertas;Jogar óleo na pia;Lavar calçadas continuamente;A;Evitar perdas e contaminação ajuda a conservar recursos hídricos.;True;False
ARENA6-GEO-023;Geografia;Ciências Humanas;EF06GE13;Atividades econômicas;medio;floresta;;Extrativismo é a atividade de:;Retirar recursos diretamente da natureza;Produzir apenas softwares;Construir escolas;Transportar passageiros;A;O extrativismo coleta recursos vegetais, animais ou minerais.;True;False
ARENA6-GEO-024;Geografia;Ciências Humanas;EF06GE13;Espaço rural e urbano;medio;floresta;;O espaço urbano costuma apresentar maior concentração de:;Edificações, serviços e infraestrutura;Florestas intocadas apenas;Áreas agrícolas extensas somente;Ausência de população;A;Cidades concentram construções, serviços, comércio e redes técnicas.;True;False
ARENA6-GEO-025;Geografia;Ciências Humanas;EF06GE01;Lugar;medio;floresta;;Em Geografia, “lugar” relaciona-se:;Ao espaço vivido e às relações das pessoas com ele;Somente a um ponto no mapa;A um local sem significado;Apenas a países distantes;A;Lugar envolve vivências, identidades e vínculos.;True;False
ARENA6-GEO-026;Geografia;Ciências Humanas;EF06GE08;Mapa;medio;floresta;;O título de um mapa informa principalmente:;O assunto ou fenômeno representado;A distância real entre todos os pontos;O significado de cada cor;A direção do norte obrigatoriamente;A;O título identifica o tema e o recorte do mapa.;True;False
ARENA6-GEO-027;Geografia;Ciências Humanas;EF06GE05;Ação humana;medio;floresta;;O desmatamento pode causar:;Perda de habitats e aumento da erosão;Formação imediata de novas florestas;Redução de todos os impactos;Aumento da biodiversidade em qualquer situação;A;A retirada da vegetação afeta espécies e deixa o solo mais exposto.;True;False
ARENA6-GEO-028;Geografia;Ciências Humanas;EF06GE03;Infiltração;medio;floresta;;A infiltração da água no solo contribui para:;Recarregar águas subterrâneas;Impedir qualquer ciclo da água;Transformar água em metal;Paralisar os rios;A;Parte da água penetra no solo e alimenta aquíferos.;True;False
ARENA6-GEO-029;Geografia;Ciências Humanas;EF06GE10;Instrumentos meteorológicos;medio;floresta;;O termômetro mede:;Temperatura;Direção do vento;Quantidade de chuva;Pressão demográfica;A;Termômetros registram temperatura.;True;False
ARENA6-GEO-030;Geografia;Ciências Humanas;EF06GE10;Instrumentos meteorológicos;medio;floresta;;O pluviômetro mede:;Quantidade de chuva;Velocidade de carros;Latitude;Temperatura corporal;A;O pluviômetro registra o volume de precipitação.;True;False
ARENA6-ING-001;Língua Inglesa;Linguagens;EF06LI16;Saudações;facil;biblioteca;;What does “Good morning” mean?;Boa noite;Bom dia;Até logo;Obrigado;B;“Good morning” é usado para cumprimentar pela manhã.;True;False
ARENA6-ING-002;Língua Inglesa;Linguagens;EF06LI16;Saudações;facil;biblioteca;;Which expression can be used to say goodbye?;See you!;Good morning!;What is your name?;Thank you!;A;“See you!” significa “Até mais!”.;True;False
ARENA6-ING-003;Língua Inglesa;Linguagens;EF06LI19;Verb to be;facil;biblioteca;;Complete: “I ___ a student.”;am;is;are;be;A;Com o pronome I, usa-se “am”.;True;False
ARENA6-ING-004;Língua Inglesa;Linguagens;EF06LI19;Verb to be;facil;biblioteca;;Complete: “She ___ my friend.”;am;is;are;be;B;Com she, usa-se “is”.;True;False
ARENA6-ING-005;Língua Inglesa;Linguagens;EF06LI19;Verb to be;facil;biblioteca;;Complete: “They ___ in the classroom.”;am;is;are;be;C;Com they, usa-se “are”.;True;False
ARENA6-ING-006;Língua Inglesa;Linguagens;EF06LI23;Possessive adjectives;facil;biblioteca;;Complete: “I have a book. ___ book is blue.”;My;Your;His;Their;A;“My” indica algo que pertence a I.;True;False
ARENA6-ING-007;Língua Inglesa;Linguagens;EF06LI23;Possessive adjectives;facil;biblioteca;;Complete: “Ana has a pencil. ___ pencil is new.”;My;Her;Our;Their;B;Para algo pertencente a Ana/she, usa-se “her”.;True;False
ARENA6-ING-008;Língua Inglesa;Linguagens;EF06LI17;School vocabulary;facil;biblioteca;;What is “library” in Portuguese?;Laboratório;Biblioteca;Quadra;Secretaria;B;“Library” significa biblioteca.;True;False
ARENA6-ING-009;Língua Inglesa;Linguagens;EF06LI17;School vocabulary;facil;biblioteca;;Which word means “caderno”?;Notebook;Window;Chair;Teacher;A;“Notebook” pode significar caderno.;True;False
ARENA6-ING-010;Língua Inglesa;Linguagens;EF06LI17;Family vocabulary;facil;biblioteca;;What does “brother” mean?;Irmã;Irmão;Pai;Primo;B;“Brother” significa irmão.;True;False
ARENA6-ING-011;Língua Inglesa;Linguagens;EF06LI17;Family vocabulary;facil;biblioteca;;Which word means “mãe”?;Mother;Father;Sister;Aunt;A;“Mother” significa mãe.;True;False
ARENA6-ING-012;Língua Inglesa;Linguagens;EF06LI09;Reading;facil;biblioteca;;Text: “Lucas is twelve years old and lives in Cruzeiro do Sul.” How old is Lucas?;Ten;Eleven;Twelve;Thirteen;C;The text says Lucas is twelve years old.;True;False
ARENA6-ING-013;Língua Inglesa;Linguagens;EF06LI09;Reading;facil;biblioteca;;Text: “My favorite subject is Science.” What is the favorite subject?;Math;Science;History;Art;B;The sentence explicitly names Science.;True;False
ARENA6-ING-014;Língua Inglesa;Linguagens;EF06LI08;Reading;facil;biblioteca;;Text: “The school garden has flowers, trees and a small pond.” The text is mainly about:;A school garden;A sports game;A family;A bus;A;The sentence describes the school garden.;True;False
ARENA6-ING-015;Língua Inglesa;Linguagens;EF06LI04;Cognates;facil;biblioteca;;Which word is a cognate of “animal”?;Animal;House;Book;Water;A;“Animal” has similar spelling and meaning in both languages.;True;False
ARENA6-ING-016;Língua Inglesa;Linguagens;EF06LI04;Cognates;facil;biblioteca;;The word “hospital” in English means:;Hotel;Hospital;Escola;Mercado;B;“Hospital” é cognata e tem o mesmo significado.;True;False
ARENA6-ING-017;Língua Inglesa;Linguagens;EF06LI20;Present continuous;facil;biblioteca;;Complete: “They are ___ soccer now.”;play;plays;playing;played;C;O presente contínuo usa be + verbo com -ing.;True;False
ARENA6-ING-018;Língua Inglesa;Linguagens;EF06LI20;Present continuous;facil;biblioteca;;“She is reading” means:;Ela lê todos os dias;Ela está lendo;Ela leu ontem;Ela vai escrever;B;“Is reading” indica ação em progresso.;True;False
ARENA6-ING-019;Língua Inglesa;Linguagens;EF06LI21;Imperative;facil;biblioteca;;Which sentence is a classroom command?;Open your book.;I am a student.;She is happy.;They are friends.;A;“Open your book” é uma instrução no imperativo.;True;False
ARENA6-ING-020;Língua Inglesa;Linguagens;EF06LI21;Imperative;facil;biblioteca;;What does “Listen carefully” mean?;Escreva rápido;Ouça com atenção;Feche a porta;Leia amanhã;B;A expressão orienta a ouvir atentamente.;True;False
ARENA6-ING-021;Língua Inglesa;Linguagens;EF06LI22;Possession;facil;biblioteca;;“Maria’s notebook” means:;O caderno de Maria;Maria é um caderno;Um caderno para todos;Maria escreve agora;A;Apostrophe + s indicates possession.;True;False
ARENA6-ING-022;Língua Inglesa;Linguagens;EF06LI07;Purpose of text;facil;biblioteca;;A sign saying “No smoking” is used to:;Prohibit smoking;Invite people to eat;Describe a person;Tell a story;A;The sign communicates a prohibition.;True;False
ARENA6-ING-023;Língua Inglesa;Linguagens;EF06LI17;Days of week;facil;biblioteca;;Which day comes after Monday?;Sunday;Tuesday;Friday;Saturday;B;Tuesday comes after Monday.;True;False
ARENA6-ING-024;Língua Inglesa;Linguagens;EF06LI17;Colors;facil;biblioteca;;Which word means “verde”?;Green;Blue;Yellow;Black;A;“Green” significa verde.;True;False
ARENA6-ING-025;Língua Inglesa;Linguagens;EF06LI24;English in the world;facil;biblioteca;;English is used internationally in areas such as:;Science, technology and tourism;Only one neighborhood;Only ancient farming;No communication;A;English circulates globally in several social and professional fields.;True;False
ARENA6-ESP-001;Língua Espanhola;Linguagens;AC06LE01;Saudações;facil;biblioteca;;¿Qué significa “Buenos días”?;Boa tarde;Bom dia;Boa noite;Até logo;B;“Buenos días” é uma saudação usada pela manhã.;True;False
ARENA6-ESP-002;Língua Espanhola;Linguagens;AC06LE01;Saudações;facil;biblioteca;;¿Qué expresión se usa para despedirse?;Hasta luego;Buenos días;¿Cómo te llamas?;Gracias;A;“Hasta luego” significa “Até logo”.;True;False
ARENA6-ESP-003;Língua Espanhola;Linguagens;AC06LE02;Apresentação;facil;biblioteca;;Complete: “Me ___ Ana.”;llamo;llamas;llama;llamamos;A;Para apresentar-se, diz-se “Me llamo...”.;True;False
ARENA6-ESP-004;Língua Espanhola;Linguagens;AC06LE02;Apresentação;facil;biblioteca;;“¿Cómo te llamas?” significa:;Onde você mora?;Como você se chama?;Quantos anos você tem?;Que horas são?;B;A pergunta solicita o nome da pessoa.;True;False
ARENA6-ESP-005;Língua Espanhola;Linguagens;AC06LE03;Números;facil;biblioteca;;Qual é o número “quince”?;5;10;15;20;C;“Quince” corresponde a quinze.;True;False
ARENA6-ESP-006;Língua Espanhola;Linguagens;AC06LE03;Números;facil;biblioteca;;Como se diz “vinte” em espanhol?;Diez;Doce;Veinte;Treinta;C;“Veinte” significa vinte.;True;False
ARENA6-ESP-007;Língua Espanhola;Linguagens;AC06LE04;Cores;facil;biblioteca;;Qual palavra significa “vermelho”?;Rojo;Verde;Azul;Blanco;A;“Rojo” significa vermelho.;True;False
ARENA6-ESP-008;Língua Espanhola;Linguagens;AC06LE04;Cores;facil;biblioteca;;“Amarillo” significa:;Amarelo;Roxo;Preto;Cinza;A;“Amarillo” corresponde a amarelo.;True;False
ARENA6-ESP-009;Língua Espanhola;Linguagens;AC06LE05;Escola;facil;biblioteca;;Como se diz “livro” em espanhol?;Libro;Cuaderno;Mesa;Puerta;A;“Libro” significa livro.;True;False
ARENA6-ESP-010;Língua Espanhola;Linguagens;AC06LE05;Escola;facil;biblioteca;;“Cuaderno” significa:;Caneta;Caderno;Cadeira;Janela;B;“Cuaderno” corresponde a caderno.;True;False
ARENA6-ESP-011;Língua Espanhola;Linguagens;AC06LE06;Família;facil;biblioteca;;Como se diz “irmã” em espanhol?;Hermano;Hermana;Madre;Prima;B;“Hermana” significa irmã.;True;False
ARENA6-ESP-012;Língua Espanhola;Linguagens;AC06LE06;Família;facil;biblioteca;;“Padre” significa:;Pai;Mãe;Avô;Tio;A;Em espanhol, “padre” significa pai.;True;False
ARENA6-ESP-013;Língua Espanhola;Linguagens;AC06LE07;Artigos;facil;biblioteca;;Complete: “___ escuela es grande.”;La;El;Los;Unos;A;“Escuela” é substantivo feminino singular: la escuela.;True;False
ARENA6-ESP-014;Língua Espanhola;Linguagens;AC06LE07;Artigos;facil;biblioteca;;Complete: “___ libros están en la mesa.”;La;El;Los;Una;C;“Libros” é masculino plural: los libros.;True;False
ARENA6-ESP-015;Língua Espanhola;Linguagens;AC06LE08;Verbo ser;facil;biblioteca;;Complete: “Yo ___ estudiante.”;soy;eres;es;somos;A;Com “yo”, usa-se “soy”.;True;False
ARENA6-ESP-016;Língua Espanhola;Linguagens;AC06LE08;Verbo ser;facil;biblioteca;;Complete: “Ellos ___ amigos.”;soy;eres;son;es;C;Com “ellos”, usa-se “son”.;True;False
ARENA6-ESP-017;Língua Espanhola;Linguagens;AC06LE09;Leitura;facil;biblioteca;;Texto: “Lucía vive en Brasil y tiene doce años.” ¿Cuántos años tiene Lucía?;Diez;Once;Doce;Trece;C;O texto informa que Lucía tem doze anos.;True;False
ARENA6-ESP-018;Língua Espanhola;Linguagens;AC06LE09;Leitura;facil;biblioteca;;Texto: “Mi asignatura favorita es Historia.” Qual é a disciplina favorita?;Matemática;História;Arte;Ciências;B;“Historia” corresponde a História.;True;False
ARENA6-ESP-019;Língua Espanhola;Linguagens;AC06LE10;Dias da semana;facil;biblioteca;;¿Qué día viene después de lunes?;Martes;Viernes;Domingo;Sábado;A;Depois de lunes vem martes.;True;False
ARENA6-ESP-020;Língua Espanhola;Linguagens;AC06LE10;Meses;facil;biblioteca;;¿Qué mes viene después de junio?;Mayo;Julio;Agosto;Abril;B;Depois de junio vem julio.;True;False
ARENA6-ESP-021;Língua Espanhola;Linguagens;AC06LE11;Cognatos;facil;biblioteca;;Qual palavra espanhola é cognata de “animal”?;Animal;Casa;Libro;Agua;A;A palavra tem forma e significado semelhantes.;True;False
ARENA6-ESP-022;Língua Espanhola;Linguagens;AC06LE11;Cognatos;facil;biblioteca;;“Hospital” em espanhol significa:;Hotel;Hospital;Praça;Mercado;B;“Hospital” é cognata em português e espanhol.;True;False
ARENA6-ESP-023;Língua Espanhola;Linguagens;AC06LE12;Comandos;facil;biblioteca;;“Abre el libro” significa:;Feche a janela;Abra o livro;Escreva o nome;Ouça a música;B;A frase é um comando para abrir o livro.;True;False
ARENA6-ESP-024;Língua Espanhola;Linguagens;AC06LE12;Comandos;facil;biblioteca;;“Escucha con atención” significa:;Ouça com atenção;Fale muito alto;Corra depressa;Feche o caderno;A;“Escucha” é o comando “ouça”.;True;False
ARENA6-ESP-025;Língua Espanhola;Linguagens;AC06LE13;Diversidade linguística;facil;biblioteca;;O espanhol é língua oficial em:;Diversos países da América e também na Espanha;Somente no Brasil;Apenas em Portugal;Nenhum país americano;A;O espanhol é oficial em vários países e apresenta variedades linguísticas.;True;False
ARENA6-ART-001;Arte;Linguagens;EF69AR01;Artes visuais;medio;museu;;A apreciação de uma obra de arte envolve:;Observar, interpretar e relacionar elementos visuais;Copiar sem observar;Ignorar contexto e materiais;Buscar apenas um preço;A;Apreciar inclui perceber formas, cores, temas, técnicas e contextos.;True;False
ARENA6-ART-002;Arte;Linguagens;EF69AR02;Elementos visuais;medio;museu;;Linha, forma, cor, textura e espaço são:;Elementos das artes visuais;Regras de futebol;Tipos de rocha;Classes gramaticais;A;Esses elementos compõem produções visuais.;True;False
ARENA6-ART-003;Arte;Linguagens;EF69AR04;Processos de criação;medio;museu;;Experimentar diferentes materiais em uma produção artística favorece:;A investigação e a criação;A repetição obrigatória de um único resultado;A proibição de escolhas;A ausência de expressão;A;A experimentação amplia possibilidades expressivas.;True;False
ARENA6-ART-004;Arte;Linguagens;EF69AR05;Técnicas artísticas;medio;museu;;Colagem é uma técnica que utiliza:;Recortes e materiais fixados sobre uma superfície;Apenas sons;Somente movimentos corporais;Exclusivamente argila líquida;A;A colagem reúne e sobrepõe materiais diversos.;True;False
ARENA6-ART-005;Arte;Linguagens;EF69AR06;Criação artística;medio;museu;;Um esboço é:;Um registro inicial de uma ideia visual;A obra obrigatoriamente finalizada;Uma regra de trânsito;Um instrumento musical;A;O esboço ajuda a planejar formas e composição.;True;False
ARENA6-ART-006;Arte;Linguagens;EF69AR08;Dança;medio;museu;;Ritmo, espaço e movimento são elementos importantes da:;Dança;Cartografia;Aritmética;Geologia;A;A dança organiza movimentos corporais no tempo e no espaço.;True;False
ARENA6-ART-007;Arte;Linguagens;EF69AR10;Dança;medio;museu;;Uma coreografia é:;Uma organização planejada de movimentos;Um tipo de tinta;Uma escultura de pedra;Uma notícia;A;Coreografia é a composição de movimentos de dança.;True;False
ARENA6-ART-008;Arte;Linguagens;EF69AR13;Música;medio;museu;;Pulso musical é:;A marcação regular que sustenta o ritmo;A letra inteira da música;O volume máximo;Um tipo de pintura;A;O pulso funciona como uma batida regular de referência.;True;False
ARENA6-ART-009;Arte;Linguagens;EF69AR16;Música;medio;museu;;Timbre é a característica que permite:;Distinguir sons de diferentes vozes e instrumentos;Medir a distância em mapas;Classificar triângulos;Separar areia e água;A;O timbre diferencia fontes sonoras mesmo na mesma altura.;True;False
ARENA6-ART-010;Arte;Linguagens;EF69AR20;Teatro;medio;museu;;No teatro, personagem é:;A figura representada pelo ator ou atriz;O prédio onde há aulas;Apenas o público;Um instrumento de medição;A;A personagem participa das ações dramáticas.;True;False
ARENA6-ART-011;Arte;Linguagens;EF69AR22;Teatro;medio;museu;;Improvisação teatral é:;Criação de cenas com decisões no momento da atuação;Leitura obrigatória sem interpretação;Cópia de uma pintura;Execução de cálculos;A;Improvisar envolve criar e responder às situações em cena.;True;False
ARENA6-ART-012;Arte;Linguagens;EF69AR24;Artes integradas;medio;museu;;Uma apresentação que reúne música, dança e projeções visuais é exemplo de:;Integração de linguagens artísticas;Apenas esporte;Experimento químico;Mapa temático;A;Diferentes linguagens podem combinar-se em uma mesma obra.;True;False
ARENA6-ART-013;Arte;Linguagens;EF69AR31;Patrimônio cultural;medio;museu;;Patrimônio cultural inclui:;Bens, práticas e saberes importantes para grupos sociais;Somente objetos caros;Apenas prédios novos;Tudo que é descartável;A;Patrimônio envolve referências materiais e imateriais de memória e identidade.;True;False
ARENA6-ART-014;Arte;Linguagens;EF69AR34;Tecnologia e arte;medio;museu;;Ferramentas digitais podem ser usadas na arte para:;Criar, editar e compartilhar produções;Eliminar toda criatividade;Substituir qualquer reflexão;Impedir experimentações;A;Tecnologias ampliam meios de criação e circulação artística.;True;False
ARENA6-ART-015;Arte;Linguagens;EF69AR01;Leitura de imagem;medio;museu;;Cores quentes incluem principalmente:;Vermelho, laranja e amarelo;Azul, verde e violeta;Preto, branco e cinza;Somente marrom;A;Vermelho, laranja e amarelo são tradicionalmente associados às cores quentes.;True;False
ARENA6-ART-016;Arte;Linguagens;EF69AR02;Composição;medio;museu;;Contraste visual ocorre quando:;Elementos diferentes se destacam pela oposição;Todos os elementos são idênticos;Não há forma nem cor;A obra não pode ser observada;A;Diferenças de cor, tamanho ou textura podem criar contraste.;True;False
ARENA6-ART-017;Arte;Linguagens;EF69AR03;Contexto artístico;medio;museu;;Conhecer o contexto de uma obra ajuda a:;Compreender relações com a época, o lugar e a cultura;Determinar apenas seu tamanho;Ignorar seu significado;Proibir interpretações;A;Contexto amplia a compreensão dos sentidos da obra.;True;False
ARENA6-ART-018;Arte;Linguagens;EF69AR09;Dança e cultura;medio;museu;;Danças tradicionais expressam:;Memórias, identidades e práticas culturais;Somente competição esportiva;Apenas exercícios matemáticos;Ausência de história;A;Danças podem transmitir valores e histórias de comunidades.;True;False
ARENA6-ART-019;Arte;Linguagens;EF69AR17;Música;medio;museu;;Uma sequência organizada de sons e silêncios no tempo relaciona-se ao:;Ritmo;Relevo;Substantivo;Meridiano;A;O ritmo organiza durações, acentos e pausas.;True;False
ARENA6-ART-020;Arte;Linguagens;EF69AR25;Teatro e sociedade;medio;museu;;O teatro pode abordar temas sociais porque:;Cria situações que provocam reflexão e diálogo;Serve apenas para decorar cenários;Não comunica ideias;Evita qualquer relação com a realidade;A;Cenas podem representar conflitos e perspectivas da vida social.;True;False
ARENA6-EDF-001;Educação Física;Linguagens;EF67EF01;Jogos eletrônicos;facil;escola-militar;;Uma atitude saudável ao usar jogos eletrônicos é:;Equilibrar o tempo de tela com outras atividades;Jogar sem pausas durante todo o dia;Ignorar postura e descanso;Substituir todas as interações sociais;A;Equilíbrio, pausas e postura ajudam no uso responsável.;True;False
ARENA6-EDF-002;Educação Física;Linguagens;EF67EF03;Esportes;facil;escola-militar;;Em esportes coletivos, trabalho em equipe envolve:;Cooperação e comunicação;Ação isolada obrigatória;Desrespeito às regras;Exclusão de colegas;A;Cooperação e comunicação favorecem o desempenho do grupo.;True;False
ARENA6-EDF-003;Educação Física;Linguagens;EF67EF04;Regras esportivas;facil;escola-militar;;As regras em um jogo ajudam a:;Organizar a prática e garantir condições de participação;Impedir qualquer diversão;Favorecer somente um jogador;Eliminar a segurança;A;Regras definem ações permitidas e promovem organização e justiça.;True;False
ARENA6-EDF-004;Educação Física;Linguagens;EF67EF05;Esportes de marca;facil;escola-militar;;Em uma corrida de velocidade, o resultado é comparado principalmente pelo:;Tempo;Número de passes;Tamanho da quadra;Volume da bola;A;Esportes de marca comparam medidas, como tempo ou distância.;True;False
ARENA6-EDF-005;Educação Física;Linguagens;EF67EF05;Esportes de precisão;facil;escola-militar;;No tiro com arco, o objetivo principal é:;Atingir um alvo com precisão;Invadir o campo adversário;Manter a bola no ar;Correr por mais tempo;A;A modalidade valoriza a proximidade do alvo.;True;False
ARENA6-EDF-006;Educação Física;Linguagens;EF67EF06;Respeito no esporte;facil;escola-militar;;Uma atitude de fair play é:;Respeitar adversários e decisões da arbitragem;Tentar enganar para vencer;Humilhar quem perdeu;Descumprir regras intencionalmente;A;Fair play significa jogo limpo, respeito e ética.;True;False
ARENA6-EDF-007;Educação Física;Linguagens;EF67EF08;Capacidades físicas;facil;escola-militar;;A capacidade de manter um esforço por mais tempo é:;Resistência;Flexibilidade;Precisão visual;Equilíbrio químico;A;Resistência relaciona-se à sustentação do esforço.;True;False
ARENA6-EDF-008;Educação Física;Linguagens;EF67EF08;Capacidades físicas;facil;escola-militar;;A capacidade de movimentar articulações com boa amplitude é:;Flexibilidade;Velocidade;Força máxima apenas;Pontuação;A;Flexibilidade diz respeito à amplitude de movimento.;True;False
ARENA6-EDF-009;Educação Física;Linguagens;EF67EF08;Capacidades físicas;facil;escola-militar;;A capacidade de realizar movimentos rapidamente é:;Velocidade;Resistência;Massa;Altura;A;Velocidade é a realização de ações em menor tempo.;True;False
ARENA6-EDF-010;Educação Física;Linguagens;EF67EF09;Convivência;facil;escola-militar;;Para incluir todos em uma atividade física, o grupo pode:;Adaptar regras e materiais quando necessário;Excluir quem tem dificuldade;Manter barreiras evitáveis;Impedir ajuda entre colegas;A;Adaptações podem ampliar participação e segurança.;True;False
ARENA6-EDF-011;Educação Física;Linguagens;EF67EF10;Atividade e exercício;facil;escola-militar;;Caminhar até a escola é uma atividade física porque:;Envolve movimento corporal e gasto de energia;É sempre uma competição;Só pode ocorrer em academia;Não movimenta o corpo;A;Atividade física inclui movimentos do cotidiano.;True;False
ARENA6-EDF-012;Educação Física;Linguagens;EF67EF10;Atividade e exercício;facil;escola-militar;;Exercício físico é geralmente:;Planejado, estruturado e repetitivo;Qualquer pensamento;Somente repouso;Uma atividade sem objetivo;A;Exercício é uma forma planejada de atividade física.;True;False
ARENA6-EDF-013;Educação Física;Linguagens;EF67EF11;Danças urbanas;facil;escola-militar;;Nas danças urbanas, ritmo, gestos e espaço são:;Elementos constitutivos;Tipos de arbitragem;Medidas cartográficas;Camadas da Terra;A;Esses elementos organizam a expressão corporal.;True;False
ARENA6-EDF-014;Educação Física;Linguagens;EF67EF14;Lutas do Brasil;facil;escola-militar;;Em práticas de luta, é fundamental:;Respeitar o oponente e preservar a segurança;Usar violência fora das regras;Ignorar sinais de parada;Humilhar colegas;A;Lutas escolares devem valorizar respeito, controle e integridade.;True;False
ARENA6-EDF-015;Educação Física;Linguagens;EF67EF16;Lutas do Brasil;facil;escola-militar;;A capoeira reúne elementos de:;Luta, jogo, música e cultura;Apenas natação;Somente pintura;Cartografia;A;A capoeira é manifestação cultural com movimentos, jogo e musicalidade.;True;False
ARENA6-EDF-016;Educação Física;Linguagens;EF67EF18;Aventura urbana;facil;escola-militar;;Antes de uma prática corporal de aventura, deve-se:;Identificar riscos e usar proteção adequada;Ignorar o ambiente;Dispensar qualquer orientação;Escolher o local mais perigoso;A;Planejamento e equipamentos reduzem riscos.;True;False
ARENA6-EDF-017;Educação Física;Linguagens;EF67EF19;Segurança;facil;escola-militar;;Capacete, joelheiras e cotoveleiras podem ser importantes em:;Práticas como skate e patins;Leitura silenciosa;Aula de gramática;Canto coral apenas;A;Equipamentos protegem áreas vulneráveis em quedas.;True;False
ARENA6-EDF-018;Educação Física;Linguagens;EF67EF03;Esporte de invasão;facil;escola-militar;;Futsal e basquetebol são esportes de invasão porque as equipes:;Tentam avançar no espaço adversário para pontuar;Atiram sempre em alvos fixos;Comparam apenas tempos;Não interagem entre si;A;Nessas modalidades, equipes ocupam e defendem territórios de jogo.;True;False
ARENA6-EDF-019;Educação Física;Linguagens;EF67EF03;Esporte de rede;facil;escola-militar;;Voleibol é classificado como esporte de:;Rede/parede;Invasão;Combate;Marca;A;A rede separa os espaços das equipes.;True;False
ARENA6-EDF-020;Educação Física;Linguagens;EF67EF09;Saúde e participação;facil;escola-militar;;Durante a atividade física, sentir dor intensa é sinal para:;Interromper e comunicar ao responsável/professor;Continuar obrigatoriamente;Esconder o problema;Aumentar a carga;A;Dor intensa requer atenção para evitar agravamento.;True;False
ARENA6-ER-001;Ensino Religioso;Ensino Religioso;EF06ER01;Tradição escrita;facil;escola-militar;;Textos escritos podem preservar:;Memórias, acontecimentos e ensinamentos;Somente números aleatórios;Apenas objetos físicos;Nenhuma tradição;A;A escrita registra e transmite ensinamentos entre gerações.;True;False
ARENA6-ER-002;Ensino Religioso;Ensino Religioso;EF06ER02;Diversidade religiosa;facil;escola-militar;;Estudar textos de diferentes tradições deve ocorrer com:;Respeito e sem discriminação;Deboche;Imposição de uma crença;Proibição do diálogo;A;O componente valoriza conhecimento, respeito e liberdade de consciência.;True;False
ARENA6-ER-003;Ensino Religioso;Ensino Religioso;EF06ER02;Diversidade religiosa;facil;escola-militar;;A diversidade de textos religiosos mostra que:;Existem diferentes tradições e formas de expressão;Todas as pessoas seguem a mesma crença;Somente uma cultura produz textos;Não há diferenças históricas;A;Sociedades registram crenças e filosofias de vida de modos diversos.;True;False
ARENA6-ER-004;Ensino Religioso;Ensino Religioso;EF06ER03;Ensinamentos;facil;escola-militar;;Textos religiosos e filosóficos podem apresentar orientações sobre:;Modos de ser, viver e conviver;Apenas cálculos geométricos;Somente previsão do tempo;Regras de um único esporte;A;Muitos textos abordam valores, condutas e relações humanas.;True;False
ARENA6-ER-005;Ensino Religioso;Ensino Religioso;EF06ER04;Usos dos textos;facil;escola-militar;;Diferentes tradições podem usar seus textos em:;Estudos, celebrações e orientações comunitárias;Somente decoração;Nenhuma prática;Apenas competições;A;Os usos variam conforme a tradição e seu contexto.;True;False
ARENA6-ER-006;Ensino Religioso;Ensino Religioso;EF06ER05;Interpretação;facil;escola-militar;;A interpretação de um texto religioso pode variar porque:;Comunidades e pessoas consideram contextos e tradições;Todo texto possui apenas uma leitura obrigatória;O contexto nunca influencia;Nenhuma pessoa interpreta textos;A;Leituras são realizadas em contextos históricos e comunitários.;True;False
ARENA6-ER-007;Ensino Religioso;Ensino Religioso;EF06ER06;Mitos;facil;escola-militar;;Mito, no estudo das religiões, pode ser compreendido como:;Narrativa simbólica que expressa sentidos e explicações de uma tradição;Mentira simples em qualquer situação;Uma fórmula matemática;Um mapa físico;A;Mitos são narrativas significativas para grupos e tradições.;True;False
ARENA6-ER-008;Ensino Religioso;Ensino Religioso;EF06ER06;Ritos;facil;escola-militar;;Rito é:;Uma prática organizada com significado simbólico;Um tipo de rocha;Uma regra gramatical;Um cálculo decimal;A;Ritos são ações celebrativas ou comunitárias carregadas de sentido.;True;False
ARENA6-ER-009;Ensino Religioso;Ensino Religioso;EF06ER06;Símbolos;facil;escola-militar;;Um símbolo religioso:;Pode representar ideias, valores ou pertencimentos;Tem o mesmo sentido em todas as culturas;Não comunica nada;É sempre um texto longo;A;Símbolos expressam sentidos reconhecidos por comunidades.;True;False
ARENA6-ER-010;Ensino Religioso;Ensino Religioso;EF06ER07;Rito e símbolo;facil;escola-militar;;Em uma celebração, gestos, objetos e palavras podem:;Atuar como símbolos dentro de um rito;Perder qualquer significado;Ser apenas decoração obrigatoriamente;Substituir o respeito;A;Elementos simbólicos integram práticas celebrativas.;True;False
ARENA6-ER-011;Ensino Religioso;Ensino Religioso;EF06ER02;Liberdade de crença;facil;escola-militar;;Respeitar a liberdade de consciência significa:;Reconhecer o direito de crer, não crer ou ter diferentes convicções;Obrigar todos a pensar igual;Ridicularizar escolhas;Impedir perguntas;A;A liberdade de consciência protege diferentes crenças e convicções.;True;False
ARENA6-ER-012;Ensino Religioso;Ensino Religioso;EF06ER03;Convivência;facil;escola-militar;;Uma atitude adequada diante de alguém com crença diferente é:;Dialogar com respeito;Praticar discriminação;Espalhar ofensas;Impor sua visão;A;O respeito favorece convivência democrática.;True;False
ARENA6-ER-013;Ensino Religioso;Ensino Religioso;EF06ER01;Memória;facil;escola-militar;;A transmissão de ensinamentos entre gerações pode ocorrer por:;Tradições orais e escritas;Somente aplicativos modernos;Apenas documentos oficiais;Nenhuma forma de comunicação;A;Memórias e ensinamentos podem circular pela fala e pela escrita.;True;False
ARENA6-ER-014;Ensino Religioso;Ensino Religioso;EF06ER06;Cultura;facil;escola-militar;;Mitos, ritos e símbolos devem ser estudados:;Em seus contextos culturais e históricos;Como práticas idênticas em todo lugar;Sem considerar as pessoas;Para hierarquizar crenças;A;O sentido depende da tradição e do contexto em que aparecem.;True;False
ARENA6-ER-015;Ensino Religioso;Ensino Religioso;EF06ER05;Ética do diálogo;facil;escola-militar;;Ao discutir temas religiosos na escola, é importante:;Usar argumentos respeitosos e ouvir o outro;Transformar a conversa em ataque pessoal;Negar a diversidade;Obrigar adesão a uma tradição;A;O diálogo pedagógico deve preservar respeito, pluralidade e direitos.;True;False
